Location,Allele,Gene,label
13:32339134,C,ENSG00000139618,0
17:43092935,A,ENSG00000012048,0
17:43106469,A,ENSG00000012048,0
13:32376699,T,ENSG00000139618,0
17:43092758,G,ENSG00000012048,0
13:32340693,G,ENSG00000139618,0
13:32326613,A,ENSG00000139618,1
17:43115759,C,ENSG00000012048,1
11:108315911,A,ENSG00000149311,1
11:108307915,A,ENSG00000149311,0
17:43115729,T,ENSG00000012048,1
17:43091708,C,ENSG00000012048,0
17:43094394,C,ENSG00000012048,0
17:43057077,T,ENSG00000012048,0
11:108312440,A,ENSG00000149311,0
17:43067628,A,ENSG00000012048,1
17:43071232,A,ENSG00000012048,0
17:43093009,T,ENSG00000012048,0
17:43049145,G,ENSG00000012048,0
11:108310222,T,ENSG00000149311,1
17:43093997,A,ENSG00000012048,0
13:32354910,C,ENSG00000139618,0
17:43082557,A,ENSG00000012048,0
13:32363367,T,ENSG00000139618,1
17:7673802,T,ENSG00000141510,1
13:32397030,C,ENSG00000139618,0
13:32363189,A,ENSG00000139618,1
13:32355085,C,ENSG00000139618,0
13:32370447,A,ENSG00000139618,1
13:32380110,C,ENSG00000139618,1
17:43106493,C,ENSG00000012048,0
13:32333140,G,ENSG00000139618,0
13:32380043,T,ENSG00000139618,1
13:32338194,T,ENSG00000139618,0
13:32339442,T,ENSG00000139618,1
17:43124058,T,ENSG00000012048,0
17:43094148,T,ENSG00000012048,0
17:43049164,A,ENSG00000012048,1
13:32356536,T,ENSG00000139618,0
17:43094720,T,ENSG00000012048,0
13:32363444,A,ENSG00000139618,1
17:43106487,G,ENSG00000012048,1
17:43106529,G,ENSG00000012048,1
11:108345870,C,ENSG00000149311,1
13:32337891,A,ENSG00000139618,0
17:43091990,T,ENSG00000012048,0
11:108317374,A,ENSG00000149311,1
17:43092796,C,ENSG00000012048,0
13:32355003,A,ENSG00000139618,0
17:43049188,G,ENSG00000012048,1
17:43092934,T,ENSG00000012048,0
13:32380124,A,ENSG00000139618,0
17:43094113,C,ENSG00000012048,0
17:43070959,G,ENSG00000012048,0
17:43047657,C,ENSG00000012048,1
11:108289759,C,ENSG00000149311,1
11:108353831,T,ENSG00000149311,1
13:32336771,C,ENSG00000139618,0
17:43063361,A,ENSG00000012048,1
13:32379878,C,ENSG00000139618,1
17:43106529,C,ENSG00000012048,1
17:43093180,A,ENSG00000012048,0
17:43063888,C,ENSG00000012048,1
17:43106487,C,ENSG00000012048,1
17:43074370,A,ENSG00000012048,0
17:43051104,G,ENSG00000012048,1
11:108333943,A,ENSG00000149311,1
13:32332309,G,ENSG00000139618,0
13:32332992,C,ENSG00000139618,0
17:43115745,T,ENSG00000012048,1
11:108335080,C,ENSG00000149311,1
17:43091733,C,ENSG00000012048,0
17:43093216,G,ENSG00000012048,0
13:32398751,T,ENSG00000139618,0
11:108301698,T,ENSG00000149311,1
17:7674259,C,ENSG00000141510,0
17:43092596,A,ENSG00000012048,0
13:32379800,A,ENSG00000139618,1
13:32379834,T,ENSG00000139618,0
13:32398666,T,ENSG00000139618,0
22:28725070,T,ENSG00000183765,1
17:43063372,A,ENSG00000012048,1
17:43124032,G,ENSG00000012048,1
17:7676047,T,ENSG00000141510,0
17:43071046,C,ENSG00000012048,1
13:32332991,G,ENSG00000139618,0
13:32338626,G,ENSG00000139618,0
13:32380116,A,ENSG00000139618,1
13:32340065,G,ENSG00000139618,0
13:32362543,T,ENSG00000139618,1
17:43071074,A,ENSG00000012048,0
11:108247029,G,ENSG00000149311,1
13:32341103,G,ENSG00000139618,0
13:32333264,C,ENSG00000139618,0
13:32325081,C,ENSG00000139618,0
17:43093666,A,ENSG00000012048,0
13:32363378,A,ENSG00000139618,1
17:43057086,T,ENSG00000012048,1
17:43093697,C,ENSG00000012048,0
17:43093607,G,ENSG00000012048,0
17:43092157,T,ENSG00000012048,0
17:43094704,C,ENSG00000012048,0
17:43045739,C,ENSG00000012048,0
17:43093742,T,ENSG00000012048,0
17:43074370,T,ENSG00000012048,0
17:43104166,T,ENSG00000012048,0
13:32338148,A,ENSG00000139618,0
17:43093376,C,ENSG00000012048,0
17:43094708,T,ENSG00000012048,0
17:7676124,A,ENSG00000141510,0
13:32326268,A,ENSG00000139618,0
13:32319131,T,ENSG00000139618,0
13:32337158,C,ENSG00000139618,0
13:32346896,A,ENSG00000139618,1
17:43104880,A,ENSG00000012048,0
17:43092773,T,ENSG00000012048,0
17:43092619,C,ENSG00000012048,0
13:32363370,G,ENSG00000139618,1
17:43115744,T,ENSG00000012048,1
17:7674221,A,ENSG00000141510,1
17:43094426,T,ENSG00000012048,0
13:32319134,G,ENSG00000139618,0
22:28734468,A,ENSG00000183765,0
17:43063885,C,ENSG00000012048,1
17:43047699,T,ENSG00000012048,0
13:32339450,A,ENSG00000139618,0
17:43067622,C,ENSG00000012048,1
17:43124026,T,ENSG00000012048,1
17:43094530,T,ENSG00000012048,0
11:108251975,G,ENSG00000149311,0
17:43091783,T,ENSG00000012048,0
17:43076570,G,ENSG00000012048,0
17:7675217,C,ENSG00000141510,1
17:43057131,C,ENSG00000012048,0
13:32332274,C,ENSG00000139618,0
17:43063881,T,ENSG00000012048,1
11:108365360,A,ENSG00000149311,1
17:43092733,G,ENSG00000012048,0
17:43092896,T,ENSG00000012048,0
17:43093351,A,ENSG00000012048,0
17:7674238,T,ENSG00000141510,1
11:108333955,A,ENSG00000149311,1
13:32363196,G,ENSG00000139618,0
17:43063922,G,ENSG00000012048,1
17:43092509,C,ENSG00000012048,0
17:43094298,C,ENSG00000012048,0
17:43067665,A,ENSG00000012048,0
11:108272591,C,ENSG00000149311,1
13:32346896,T,ENSG00000139618,1
13:32370448,A,ENSG00000139618,1
13:32333222,C,ENSG00000139618,0
17:43049167,T,ENSG00000012048,1
17:43051086,A,ENSG00000012048,1
13:32337923,T,ENSG00000139618,0
13:32363370,T,ENSG00000139618,1
13:32363372,A,ENSG00000139618,1
13:32355041,T,ENSG00000139618,0
17:43047702,G,ENSG00000012048,1
17:43045773,T,ENSG00000012048,1
13:32398388,T,ENSG00000139618,0
17:7676050,G,ENSG00000141510,0
13:32326150,A,ENSG00000139618,1
13:32340107,T,ENSG00000139618,0
13:32337930,G,ENSG00000139618,0
11:108343371,T,ENSG00000149311,1
17:43045759,G,ENSG00000012048,1
17:7674893,T,ENSG00000141510,1
17:43093006,C,ENSG00000012048,0
17:43091713,C,ENSG00000012048,0
13:32362543,A,ENSG00000139618,1
13:32371100,A,ENSG00000139618,1
17:43071077,A,ENSG00000012048,0
17:43094585,C,ENSG00000012048,0
13:32337227,G,ENSG00000139618,0
17:43057135,C,ENSG00000012048,0
17:7673728,T,ENSG00000141510,0
17:43093103,A,ENSG00000012048,0
17:43045685,A,ENSG00000012048,0
17:43074486,G,ENSG00000012048,0
17:7673796,T,ENSG00000141510,1
17:43063903,T,ENSG00000012048,1
13:32370993,A,ENSG00000139618,0
17:43106478,C,ENSG00000012048,1
17:43063883,A,ENSG00000012048,1
13:32337659,T,ENSG00000139618,0
13:32362693,A,ENSG00000139618,1
17:7673821,A,ENSG00000141510,1
13:32379326,G,ENSG00000139618,0
17:43093324,G,ENSG00000012048,0
17:43095864,C,ENSG00000012048,0
13:32333367,T,ENSG00000139618,0
17:43057123,A,ENSG00000012048,1
17:43093010,A,ENSG00000012048,0
13:32337035,A,ENSG00000139618,0
22:28725254,A,ENSG00000183765,1
17:43074471,A,ENSG00000012048,0
17:7675088,T,ENSG00000141510,1
17:43091874,G,ENSG00000012048,0
17:43091450,G,ENSG00000012048,0
17:43091485,A,ENSG00000012048,0
17:43092448,T,ENSG00000012048,0
17:43091931,G,ENSG00000012048,0
17:7673802,A,ENSG00000141510,1
17:43093364,C,ENSG00000012048,0
13:32326613,C,ENSG00000139618,1
17:43094044,T,ENSG00000012048,0
17:7674250,T,ENSG00000141510,1
17:43092449,A,ENSG00000012048,0
13:32363211,T,ENSG00000139618,1
13:32337588,G,ENSG00000139618,0
17:43094640,A,ENSG00000012048,0
22:28725338,C,ENSG00000183765,1
13:32355268,C,ENSG00000139618,0
17:43047676,C,ENSG00000012048,1
22:28695800,G,ENSG00000183765,1
17:43057114,A,ENSG00000012048,1
11:108330314,G,ENSG00000149311,1
13:32337410,G,ENSG00000139618,0
17:7674890,C,ENSG00000141510,1
17:43091923,T,ENSG00000012048,0
17:43071148,T,ENSG00000012048,0
11:108335080,A,ENSG00000149311,1
13:32339553,T,ENSG00000139618,0
17:43063930,A,ENSG00000012048,1
13:32355189,G,ENSG00000139618,0
17:43106486,T,ENSG00000012048,1
13:32337158,A,ENSG00000139618,0
17:7674203,C,ENSG00000141510,0
13:32326499,C,ENSG00000139618,1
17:43091818,A,ENSG00000012048,0
17:43051072,C,ENSG00000012048,1
13:32370971,C,ENSG00000139618,0
17:43104167,T,ENSG00000012048,0
17:43091792,T,ENSG00000012048,0
13:32340108,G,ENSG00000139618,0
17:43070971,C,ENSG00000012048,0
13:32339907,G,ENSG00000139618,0
17:43070929,G,ENSG00000012048,0
13:32339810,T,ENSG00000139618,0
17:43047678,C,ENSG00000012048,1
17:7670616,A,ENSG00000141510,0
13:32319232,C,ENSG00000139618,0
17:43063909,G,ENSG00000012048,0
17:43091930,T,ENSG00000012048,0
17:7674872,C,ENSG00000141510,1
17:7675070,T,ENSG00000141510,1
13:32362595,C,ENSG00000139618,1
17:43045743,G,ENSG00000012048,1
13:32337053,G,ENSG00000139618,0
17:43092647,T,ENSG00000012048,0
13:32340645,T,ENSG00000139618,0
17:43094372,T,ENSG00000012048,0
13:32363229,C,ENSG00000139618,0
17:43057087,A,ENSG00000012048,1
17:7675139,T,ENSG00000141510,1
17:43092862,A,ENSG00000012048,0
11:108272532,T,ENSG00000149311,1
17:43045730,G,ENSG00000012048,0
17:43093245,A,ENSG00000012048,0
17:43093139,C,ENSG00000012048,0
17:43093915,A,ENSG00000012048,0
13:32363445,A,ENSG00000139618,1
17:43074462,T,ENSG00000012048,0
17:43104887,A,ENSG00000012048,0
13:32340498,T,ENSG00000139618,0
17:43124044,T,ENSG00000012048,1
17:43092043,A,ENSG00000012048,0
13:32332619,A,ENSG00000139618,0
17:43063882,T,ENSG00000012048,1
13:32338518,A,ENSG00000139618,0
17:43092494,T,ENSG00000012048,0
17:43067688,C,ENSG00000012048,0
11:108329202,G,ENSG00000149311,1
13:32379768,A,ENSG00000139618,0
17:43071223,G,ENSG00000012048,0
17:43045712,C,ENSG00000012048,1
17:7674252,T,ENSG00000141510,1
17:43091891,T,ENSG00000012048,0
17:7674947,G,ENSG00000141510,1
11:108271074,G,ENSG00000149311,1
13:32332456,A,ENSG00000139618,0
17:43045778,A,ENSG00000012048,0
17:43067608,G,ENSG00000012048,1
17:43047678,G,ENSG00000012048,1
13:32363351,T,ENSG00000139618,0
17:43076488,T,ENSG00000012048,1
11:108345889,G,ENSG00000149311,1
13:32379479,T,ENSG00000139618,0
17:43063909,T,ENSG00000012048,1
13:32346842,A,ENSG00000139618,0
13:32332442,C,ENSG00000139618,0
13:32370556,G,ENSG00000139618,1
13:32396988,C,ENSG00000139618,0
17:43094045,A,ENSG00000012048,0
13:32338401,C,ENSG00000139618,0
17:43104193,C,ENSG00000012048,0
17:43094113,A,ENSG00000012048,0
17:43071098,C,ENSG00000012048,0
17:43106528,T,ENSG00000012048,1
17:43104136,T,ENSG00000012048,0
17:7676155,C,ENSG00000141510,0
17:43095875,C,ENSG00000012048,0
17:43071004,A,ENSG00000012048,0
11:108334988,G,ENSG00000149311,1
11:108343246,A,ENSG00000149311,1
13:32379467,A,ENSG00000139618,0
17:43106477,T,ENSG00000012048,1
13:32379412,C,ENSG00000139618,0
17:43057122,G,ENSG00000012048,1
17:43094815,C,ENSG00000012048,0
13:32337800,G,ENSG00000139618,0
17:43071185,G,ENSG00000012048,0
17:43104882,A,ENSG00000012048,1
17:43093604,C,ENSG00000012048,0
13:32332863,G,ENSG00000139618,0
17:43094495,A,ENSG00000012048,0
17:43106456,T,ENSG00000012048,1
13:32340234,A,ENSG00000139618,0
13:32338925,G,ENSG00000139618,0
17:43115745,G,ENSG00000012048,1
17:7676224,G,ENSG00000141510,0
17:43092235,A,ENSG00000012048,0
17:43063910,G,ENSG00000012048,1
17:43049170,G,ENSG00000012048,1
13:32339358,G,ENSG00000139618,0
17:43067691,G,ENSG00000012048,0
13:32337281,A,ENSG00000139618,0
17:43063368,C,ENSG00000012048,0
17:7675157,A,ENSG00000141510,1
13:32380076,T,ENSG00000139618,0
13:32333276,C,ENSG00000139618,0
17:43115750,C,ENSG00000012048,1
13:32344569,G,ENSG00000139618,0
13:32362681,G,ENSG00000139618,1
13:32356521,C,ENSG00000139618,1
13:32394717,G,ENSG00000139618,1
13:32380064,G,ENSG00000139618,0
11:108272816,G,ENSG00000149311,1
17:43067658,A,ENSG00000012048,0
13:32362605,C,ENSG00000139618,1
17:43091807,C,ENSG00000012048,0
17:43091931,A,ENSG00000012048,0
13:32332601,T,ENSG00000139618,0
13:32338542,G,ENSG00000139618,0
11:108345804,G,ENSG00000149311,1
13:32363379,G,ENSG00000139618,1
13:32376739,A,ENSG00000139618,0
17:43115727,G,ENSG00000012048,0
17:7673773,A,ENSG00000141510,0
13:32332832,A,ENSG00000139618,0
13:32333016,G,ENSG00000139618,0
17:43124077,A,ENSG00000012048,0
13:32319176,C,ENSG00000139618,0
13:32339525,G,ENSG00000139618,0
17:43099814,A,ENSG00000012048,0
17:43057078,C,ENSG00000012048,1
13:32316513,A,ENSG00000139618,0
17:7676040,T,ENSG00000141510,0
17:7674230,T,ENSG00000141510,1
17:43094692,C,ENSG00000012048,0
13:32356526,T,ENSG00000139618,0
13:32398634,T,ENSG00000139618,0
13:32336630,T,ENSG00000139618,0
11:108235708,G,ENSG00000149311,0
13:32333282,A,ENSG00000139618,0
17:43106457,C,ENSG00000012048,1
17:43093054,T,ENSG00000012048,0
13:32333288,G,ENSG00000139618,0
13:32329474,G,ENSG00000139618,0
17:43091823,C,ENSG00000012048,0
13:32340810,A,ENSG00000139618,0
17:43124036,G,ENSG00000012048,0
17:43051098,C,ENSG00000012048,1
13:32363369,C,ENSG00000139618,1
17:43093119,G,ENSG00000012048,0
13:32336923,A,ENSG00000139618,0
13:32332421,A,ENSG00000139618,0
17:43093448,A,ENSG00000012048,0
17:7675185,T,ENSG00000141510,1
17:43090997,T,ENSG00000012048,0
17:7674241,A,ENSG00000141510,1
13:32363390,C,ENSG00000139618,1
17:43093529,A,ENSG00000012048,0
17:43047654,C,ENSG00000012048,0
17:43051083,C,ENSG00000012048,0
11:108301706,A,ENSG00000149311,1
13:32370420,T,ENSG00000139618,1
13:32336564,T,ENSG00000139618,0
13:32337342,G,ENSG00000139618,0
13:32355160,T,ENSG00000139618,0
13:32326115,G,ENSG00000139618,0
17:43091495,T,ENSG00000012048,0
13:32398624,G,ENSG00000139618,0
17:43115729,A,ENSG00000012048,1
13:32394734,G,ENSG00000139618,1
17:43067616,C,ENSG00000012048,1
17:43071164,A,ENSG00000012048,0
13:32340123,C,ENSG00000139618,0
11:108365359,T,ENSG00000149311,1
17:7673803,C,ENSG00000141510,1
13:32362692,G,ENSG00000139618,1
17:43057113,C,ENSG00000012048,1
13:32363225,G,ENSG00000139618,1
17:43091748,A,ENSG00000012048,0
17:43074331,T,ENSG00000012048,1
17:43094534,C,ENSG00000012048,0
13:32332629,T,ENSG00000139618,0
13:32363190,T,ENSG00000139618,1
17:43124027,C,ENSG00000012048,1
13:32337282,T,ENSG00000139618,0
17:7670613,C,ENSG00000141510,0
13:32340373,A,ENSG00000139618,0
13:32396905,G,ENSG00000139618,0
13:32336493,T,ENSG00000139618,0
17:43094020,T,ENSG00000012048,0
